<?xml version="1.0" encoding="utf-8" standalone="yes" ?>
<?xml-stylesheet type="text/xsl" href="cap_style.xsl" ?>
<alert xmlns="urn:oasis:names:tc:emergency:cap:1.2">
	<identifier>2.0.0.1.AT.1490612849.1121AT008</identifier>
	<sender>n.spanring@backbone.co.at</sender>
	<sent>2017-03-27T13:07:29+00:00</sent>
	<status>Actual</status>
	<msgType>Alert</msgType>
	<scope>Public</scope>
	<info>
		<language>en-GB</language>
		<category>Met</category>
		<event>Minor flooding warning</event>
		<responseType>Monitor</responseType>
		<urgency>Immediate</urgency>
		<severity>Minor</severity>
		<certainty>Likely</certainty>
		<effective>2017-03-27T09:50:10+00:00</effective>
		<onset>2017-03-27T09:50:10+00:00</onset>
		<expires>2017-03-27T15:50:10+00:00</expires>
		<senderName>Niklas Spanring</senderName>
		<headline>Green flooding for Burgenland</headline>
		<description>test</description>
		<parameter>
			<valueName>awareness_level</valueName>
			<value>1; green; Minor</value>
		</parameter>
		<parameter>
			<valueName>awareness_type</valueName>
			<value>12; flooding</value>
		</parameter>
		<area>
			<areaDesc>Burgenland</areaDesc>
			<geocode>
				<valueName>emma_id</valueName>
				<value>AT008</value>
			</geocode>
		</area>
	</info>
	<info>
		<language>de-DE</language>
		<category>Met</category>
		<event>Minor flooding warning</event>
		<responseType>Monitor</responseType>
		<urgency>Immediate</urgency>
		<severity>Minor</severity>
		<certainty>Likely</certainty>
		<effective>2017-03-27T09:50:10+00:00</effective>
		<onset>2017-03-27T09:50:10+00:00</onset>
		<expires>2017-03-27T15:50:10+00:00</expires>
		<senderName>Niklas Spanring</senderName>
		<headline>Green flooding for Burgenland</headline>
		<description>Green flooding for Burgenland</description>
		<parameter>
			<valueName>awareness_level</valueName>
			<value>1; green; Minor</value>
		</parameter>
		<parameter>
			<valueName>awareness_type</valueName>
			<value>12; flooding</value>
		</parameter>
		<area>
			<areaDesc>Burgenland</areaDesc>
			<geocode>
				<valueName>emma_id</valueName>
				<value>AT008</value>
			</geocode>
		</area>
	</info>
	<info>
		<language>fr-FR</language>
		<category>Met</category>
		<event>Minor flooding warning</event>
		<responseType>Monitor</responseType>
		<urgency>Immediate</urgency>
		<severity>Minor</severity>
		<certainty>Likely</certainty>
		<effective>2017-03-27T09:50:10+00:00</effective>
		<onset>2017-03-27T09:50:10+00:00</onset>
		<expires>2017-03-27T15:50:10+00:00</expires>
		<senderName>Niklas Spanring</senderName>
		<headline>Green flooding for Burgenland</headline>
		<description>Green flooding for Burgenland</description>
		<parameter>
			<valueName>awareness_level</valueName>
			<value>1; green; Minor</value>
		</parameter>
		<parameter>
			<valueName>awareness_type</valueName>
			<value>12; flooding</value>
		</parameter>
		<area>
			<areaDesc>Burgenland</areaDesc>
			<geocode>
				<valueName>emma_id</valueName>
				<value>AT008</value>
			</geocode>
		</area>
	</info>
</alert>
