<?xml version="1.0" encoding="utf-8" standalone="yes" ?>
<alert xmlns="urn:oasis:names:tc:emergency:cap:1.2">
	<identifier>2.49.0.1.276.DWD.PVW.1490617062351.2</identifier>
	<sender>CAP@dwd.de</sender>
	<sent>2017-03-27T14:18:00+02:00</sent>
	<status>Actual</status>
	<msgType>Alert</msgType>
	<source>PVW</source>
	<scope>Public</scope>
	<info>
		<language>de-DE</language>
		<category>Met</category>
		<event>FROST</event>
		<responseType>None</responseType>
		<urgency>Immediate</urgency>
		<severity>Minor</severity>
		<certainty>Observed</certainty>
		<effective>2017-03-27T13:29:00+02:00</effective>
		<onset>2017-03-27T22:00:00+02:00</onset>
		<expires>2017-03-28T08:00:00+02:00</expires>
		<senderName>DWD / Nationales Warnzentrum Offenbach</senderName>
		<headline>Amtliche WARNUNG vor FROST</headline>
		<description>Vor allem in Tal- und Muldenlagen tritt leichter Frost zwischen 0 °C und -3 °C auf.</description>
		<web>http://www.wettergefahren.de</web>
		<contact>Deutscher Wetterdienst</contact>
		<parameter>
			<valueName>awareness_level</valueName>
			<value>2; yellow; Moderate</value>
		</parameter>
		<parameter>
			<valueName>awareness_type</valueName>
			<value>6; low-temperature</value>
		</parameter>
		<area>
			<areaDesc>Stadt Amberg</areaDesc>
			<geocode>
				<valueName>NUTS2</valueName>
				<value>DE2</value>
			</geocode>
		</area>
		<area>
			<areaDesc>Kreis Deggendorf</areaDesc>
			<geocode>
				<valueName>NUTS2</valueName>
				<value>DE2</value>
			</geocode>
		</area>
		<area>
			<areaDesc>Stadt Nürnberg</areaDesc>
			<geocode>
				<valueName>NUTS2</valueName>
				<value>DE2</value>
			</geocode>
		</area>
		<area>
			<areaDesc>Kreis Kronach</areaDesc>
			<geocode>
				<valueName>NUTS2</valueName>
				<value>DE2</value>
			</geocode>
		</area>
		<area>
			<areaDesc>Kreis Neu-Ulm</areaDesc>
			<geocode>
				<valueName>NUTS2</valueName>
				<value>DE2</value>
			</geocode>
		</area>
		<area>
			<areaDesc>Kreis Mühldorf a. Inn</areaDesc>
			<geocode>
				<valueName>NUTS2</valueName>
				<value>DE2</value>
			</geocode>
		</area>
		<area>
			<areaDesc>Kreis Neuburg-Schrobenhausen</areaDesc>
			<geocode>
				<valueName>NUTS2</valueName>
				<value>DE2</value>
			</geocode>
		</area>
		<area>
			<areaDesc>Stadt Kempten (Allgäu)</areaDesc>
			<geocode>
				<valueName>NUTS2</valueName>
				<value>DE2</value>
			</geocode>
		</area>
		<area>
			<areaDesc>Kreis Bad Tölz-Wolfratshausen</areaDesc>
			<geocode>
				<valueName>NUTS2</valueName>
				<value>DE2</value>
			</geocode>
		</area>
		<area>
			<areaDesc>Kreis und Stadt Regensburg</areaDesc>
			<geocode>
				<valueName>NUTS2</valueName>
				<value>DE2</value>
			</geocode>
		</area>
		<area>
			<areaDesc>Kreis Regen</areaDesc>
			<geocode>
				<valueName>NUTS2</valueName>
				<value>DE2</value>
			</geocode>
		</area>
		<area>
			<areaDesc>Kreis und Stadt Aschaffenburg</areaDesc>
			<geocode>
				<valueName>NUTS2</valueName>
				<value>DE2</value>
			</geocode>
		</area>
		<area>
			<areaDesc>Kreis Roth</areaDesc>
			<geocode>
				<valueName>NUTS2</valueName>
				<value>DE2</value>
			</geocode>
		</area>
		<area>
			<areaDesc>Kreis und Stadt Passau</areaDesc>
			<geocode>
				<valueName>NUTS2</valueName>
				<value>DE2</value>
			</geocode>
		</area>
		<area>
			<areaDesc>Kreis Dingolfing-Landau</areaDesc>
			<geocode>
				<valueName>NUTS2</valueName>
				<value>DE2</value>
			</geocode>
		</area>
		<area>
			<areaDesc>Kreis Donau-Ries</areaDesc>
			<geocode>
				<valueName>NUTS2</valueName>
				<value>DE2</value>
			</geocode>
		</area>
		<area>
			<areaDesc>Kreis Neumarkt i.d. OPf.</areaDesc>
			<geocode>
				<valueName>NUTS2</valueName>
				<value>DE2</value>
			</geocode>
		</area>
		<area>
			<areaDesc>Kreis und Stadt Schweinfurt</areaDesc>
			<geocode>
				<valueName>NUTS2</valueName>
				<value>DE2</value>
			</geocode>
		</area>
		<area>
			<areaDesc>Kreis Straubing-Bogen und Stadt Straubing</areaDesc>
			<geocode>
				<valueName>NUTS2</valueName>
				<value>DE2</value>
			</geocode>
		</area>
		<area>
			<areaDesc>Kreis Miltenberg</areaDesc>
			<geocode>
				<valueName>NUTS2</valueName>
				<value>DE2</value>
			</geocode>
		</area>
		<area>
			<areaDesc>Kreis Landsberg am Lech</areaDesc>
			<geocode>
				<valueName>NUTS2</valueName>
				<value>DE2</value>
			</geocode>
		</area>
		<area>
			<areaDesc>Kreis Aichach-Friedberg</areaDesc>
			<geocode>
				<valueName>NUTS2</valueName>
				<value>DE2</value>
			</geocode>
		</area>
		<area>
			<areaDesc>Kreis Starnberg</areaDesc>
			<geocode>
				<valueName>NUTS2</valueName>
				<value>DE2</value>
			</geocode>
		</area>
		<area>
			<areaDesc>Kreis Freising</areaDesc>
			<geocode>
				<valueName>NUTS2</valueName>
				<value>DE2</value>
			</geocode>
		</area>
		<area>
			<areaDesc>Kreis Dachau</areaDesc>
			<geocode>
				<valueName>NUTS2</valueName>
				<value>DE2</value>
			</geocode>
		</area>
		<area>
			<areaDesc>Kreis und Stadt Rosenheim</areaDesc>
			<geocode>
				<valueName>NUTS2</valueName>
				<value>DE2</value>
			</geocode>
		</area>
		<area>
			<areaDesc>Kreis Lichtenfels</areaDesc>
			<geocode>
				<valueName>NUTS2</valueName>
				<value>DE2</value>
			</geocode>
		</area>
		<area>
			<areaDesc>Kreis Tirschenreuth</areaDesc>
			<geocode>
				<valueName>NUTS2</valueName>
				<value>DE2</value>
			</geocode>
		</area>
		<area>
			<areaDesc>Kreis Miesbach</areaDesc>
			<geocode>
				<valueName>NUTS2</valueName>
				<value>DE2</value>
			</geocode>
		</area>
		<area>
			<areaDesc>Kreis Weißenburg-Gunzenhausen</areaDesc>
			<geocode>
				<valueName>NUTS2</valueName>
				<value>DE2</value>
			</geocode>
		</area>
		<area>
			<areaDesc>Kreis Altötting</areaDesc>
			<geocode>
				<valueName>NUTS2</valueName>
				<value>DE2</value>
			</geocode>
		</area>
		<area>
			<areaDesc>Kreis und Stadt Fürth</areaDesc>
			<geocode>
				<valueName>NUTS2</valueName>
				<value>DE2</value>
			</geocode>
		</area>
		<area>
			<areaDesc>Kreis Haßberge</areaDesc>
			<geocode>
				<valueName>NUTS2</valueName>
				<value>DE2</value>
			</geocode>
		</area>
		<area>
			<areaDesc>Kreis Nürnberger Land</areaDesc>
			<geocode>
				<valueName>NUTS2</valueName>
				<value>DE2</value>
			</geocode>
		</area>
		<area>
			<areaDesc>Kreis Schwandorf</areaDesc>
			<geocode>
				<valueName>NUTS2</valueName>
				<value>DE2</value>
			</geocode>
		</area>
		<area>
			<areaDesc>Kreis und Stadt München</areaDesc>
			<geocode>
				<valueName>NUTS2</valueName>
				<value>DE2</value>
			</geocode>
		</area>
		<area>
			<areaDesc>Kreis Neustadt a.d. Waldnaab</areaDesc>
			<geocode>
				<valueName>NUTS2</valueName>
				<value>DE2</value>
			</geocode>
		</area>
		<area>
			<areaDesc>Kreis Ebersberg</areaDesc>
			<geocode>
				<valueName>NUTS2</valueName>
				<value>DE2</value>
			</geocode>
		</area>
		<area>
			<areaDesc>Kreis und Stadt Würzburg</areaDesc>
			<geocode>
				<valueName>NUTS2</valueName>
				<value>DE2</value>
			</geocode>
		</area>
		<area>
			<areaDesc>Kreis und Stadt Bayreuth</areaDesc>
			<geocode>
				<valueName>NUTS2</valueName>
				<value>DE2</value>
			</geocode>
		</area>
		<area>
			<areaDesc>Kreis Unterallgäu</areaDesc>
			<geocode>
				<valueName>NUTS2</valueName>
				<value>DE2</value>
			</geocode>
		</area>
		<area>
			<areaDesc>Stadt Kaufbeuren</areaDesc>
			<geocode>
				<valueName>NUTS2</valueName>
				<value>DE2</value>
			</geocode>
		</area>
		<area>
			<areaDesc>Kreis Fürstenfeldbruck</areaDesc>
			<geocode>
				<valueName>NUTS2</valueName>
				<value>DE2</value>
			</geocode>
		</area>
		<area>
			<areaDesc>Kreis Dillingen a.d. Donau</areaDesc>
			<geocode>
				<valueName>NUTS2</valueName>
				<value>DE2</value>
			</geocode>
		</area>
		<area>
			<areaDesc>Kreis Erlangen-Höchstadt</areaDesc>
			<geocode>
				<valueName>NUTS2</valueName>
				<value>DE2</value>
			</geocode>
		</area>
		<area>
			<areaDesc>Kreis Traunstein</areaDesc>
			<geocode>
				<valueName>NUTS2</valueName>
				<value>DE2</value>
			</geocode>
		</area>
		<area>
			<areaDesc>Kreis Freyung-Grafenau</areaDesc>
			<geocode>
				<valueName>NUTS2</valueName>
				<value>DE2</value>
			</geocode>
		</area>
		<area>
			<areaDesc>Stadt Weiden in der Oberpfalz</areaDesc>
			<geocode>
				<valueName>NUTS2</valueName>
				<value>DE2</value>
			</geocode>
		</area>
		<area>
			<areaDesc>Kreis und Stadt Coburg</areaDesc>
			<geocode>
				<valueName>NUTS2</valueName>
				<value>DE2</value>
			</geocode>
		</area>
		<area>
			<areaDesc>Kreis und Stadt Ansbach</areaDesc>
			<geocode>
				<valueName>NUTS2</valueName>
				<value>DE2</value>
			</geocode>
		</area>
		<area>
			<areaDesc>Kreis Wunsiedel</areaDesc>
			<geocode>
				<valueName>NUTS2</valueName>
				<value>DE2</value>
			</geocode>
		</area>
		<area>
			<areaDesc>Kreis Kitzingen</areaDesc>
			<geocode>
				<valueName>NUTS2</valueName>
				<value>DE2</value>
			</geocode>
		</area>
		<area>
			<areaDesc>Kreis Ostallgäu</areaDesc>
			<geocode>
				<valueName>NUTS2</valueName>
				<value>DE2</value>
			</geocode>
		</area>
		<area>
			<areaDesc>Stadt Erlangen</areaDesc>
			<geocode>
				<valueName>NUTS2</valueName>
				<value>DE2</value>
			</geocode>
		</area>
		<area>
			<areaDesc>Kreis Erding</areaDesc>
			<geocode>
				<valueName>NUTS2</valueName>
				<value>DE2</value>
			</geocode>
		</area>
		<area>
			<areaDesc>Kreis und Stadt Augsburg</areaDesc>
			<geocode>
				<valueName>NUTS2</valueName>
				<value>DE2</value>
			</geocode>
		</area>
		<area>
			<areaDesc>Kreis Amberg-Sulzbach</areaDesc>
			<geocode>
				<valueName>NUTS2</valueName>
				<value>DE2</value>
			</geocode>
		</area>
		<area>
			<areaDesc>Kreis Lindau</areaDesc>
			<geocode>
				<valueName>NUTS2</valueName>
				<value>DE2</value>
			</geocode>
		</area>
		<area>
			<areaDesc>Stadt Memmingen</areaDesc>
			<geocode>
				<valueName>NUTS2</valueName>
				<value>DE2</value>
			</geocode>
		</area>
		<area>
			<areaDesc>Kreis Neustadt a.d. Aisch - Bad Windsheim</areaDesc>
			<geocode>
				<valueName>NUTS2</valueName>
				<value>DE2</value>
			</geocode>
		</area>
		<area>
			<areaDesc>Kreis und Stadt Landshut</areaDesc>
			<geocode>
				<valueName>NUTS2</valueName>
				<value>DE2</value>
			</geocode>
		</area>
		<area>
			<areaDesc>Kreis Rhön-Grabfeld</areaDesc>
			<geocode>
				<valueName>NUTS2</valueName>
				<value>DE2</value>
			</geocode>
		</area>
		<area>
			<areaDesc>Kreis Oberallgäu</areaDesc>
			<geocode>
				<valueName>NUTS2</valueName>
				<value>DE2</value>
			</geocode>
		</area>
		<area>
			<areaDesc>Stadt Schwabach</areaDesc>
			<geocode>
				<valueName>NUTS2</valueName>
				<value>DE2</value>
			</geocode>
		</area>
		<area>
			<areaDesc>Kreis Forchheim</areaDesc>
			<geocode>
				<valueName>NUTS2</valueName>
				<value>DE2</value>
			</geocode>
		</area>
		<area>
			<areaDesc>Kreis Eichstätt</areaDesc>
			<geocode>
				<valueName>NUTS2</valueName>
				<value>DE2</value>
			</geocode>
		</area>
		<area>
			<areaDesc>Kreis Kelheim</areaDesc>
			<geocode>
				<valueName>NUTS2</valueName>
				<value>DE2</value>
			</geocode>
		</area>
		<area>
			<areaDesc>Kreis und Stadt Bamberg</areaDesc>
			<geocode>
				<valueName>NUTS2</valueName>
				<value>DE2</value>
			</geocode>
		</area>
		<area>
			<areaDesc>Kreis Kulmbach</areaDesc>
			<geocode>
				<valueName>NUTS2</valueName>
				<value>DE2</value>
			</geocode>
		</area>
		<area>
			<areaDesc>Kreis Pfaffenhofen a.d. Ilm</areaDesc>
			<geocode>
				<valueName>NUTS2</valueName>
				<value>DE2</value>
			</geocode>
		</area>
		<area>
			<areaDesc>Kreis Main-Spessart</areaDesc>
			<geocode>
				<valueName>NUTS2</valueName>
				<value>DE2</value>
			</geocode>
		</area>
		<area>
			<areaDesc>Kreis Bad Kissingen</areaDesc>
			<geocode>
				<valueName>NUTS2</valueName>
				<value>DE2</value>
			</geocode>
		</area>
		<area>
			<areaDesc>Kreis Rottal-Inn</areaDesc>
			<geocode>
				<valueName>NUTS2</valueName>
				<value>DE2</value>
			</geocode>
		</area>
		<area>
			<areaDesc>Kreis Weilheim-Schongau</areaDesc>
			<geocode>
				<valueName>NUTS2</valueName>
				<value>DE2</value>
			</geocode>
		</area>
		<area>
			<areaDesc>Kreis Garmisch-Partenkirchen</areaDesc>
			<geocode>
				<valueName>NUTS2</valueName>
				<value>DE2</value>
			</geocode>
		</area>
		<area>
			<areaDesc>Kreis und Stadt Hof</areaDesc>
			<geocode>
				<valueName>NUTS2</valueName>
				<value>DE2</value>
			</geocode>
		</area>
		<area>
			<areaDesc>Kreis Günzburg</areaDesc>
			<geocode>
				<valueName>NUTS2</valueName>
				<value>DE2</value>
			</geocode>
		</area>
		<area>
			<areaDesc>Kreis Cham</areaDesc>
			<geocode>
				<valueName>NUTS2</valueName>
				<value>DE2</value>
			</geocode>
		</area>
		<area>
			<areaDesc>Kreis Berchtesgadener Land</areaDesc>
			<geocode>
				<valueName>NUTS2</valueName>
				<value>DE2</value>
			</geocode>
		</area>
		<area>
			<areaDesc>Stadt Ingolstadt</areaDesc>
			<geocode>
				<valueName>NUTS2</valueName>
				<value>DE2</value>
			</geocode>
		</area>
	</info>
</alert>
