<?xml version="1.0" encoding="utf-8" standalone="yes" ?>
<alert xmlns="urn:oasis:names:tc:emergency:cap:1.2">
	<identifier>2.49.0.1.276.DWD.PVW.1490617062351.2</identifier>
	<sender>CAP@dwd.de</sender>
	<sent>2017-03-27T14:18:00+02:00</sent>
	<status>Actual</status>
	<msgType>Alert</msgType>
	<source>PVW</source>
	<scope>Public</scope>
	<info>
		<language>de-DE</language>
		<category>Met</category>
		<event>FROST</event>
		<responseType>None</responseType>
		<urgency>Immediate</urgency>
		<severity>Minor</severity>
		<certainty>Observed</certainty>
		<eventCode>
			<valueName>PROFILE_VERSION</valueName>
			<value>2.1</value>
		</eventCode>
		<eventCode>
			<valueName>LICENSE</valueName>
			<value>Geobasisdaten: Copyright Bundesamt für Kartographie und Geodäsie, Frankfurt am Main, 2013</value>
		</eventCode>
		<eventCode>
			<valueName>II</valueName>
			<value>22</value>
		</eventCode>
		<eventCode>
			<valueName>GROUP</valueName>
			<value>FROST</value>
		</eventCode>
		<eventCode>
			<valueName>AREA_COLOR</valueName>
			<value>255 255 0</value>
		</eventCode>
		<effective>2017-03-27T13:29:00+02:00</effective>
		<onset>2017-03-27T22:00:00+02:00</onset>
		<expires>2017-03-28T08:00:00+02:00</expires>
		<senderName>DWD / Nationales Warnzentrum Offenbach</senderName>
		<headline>Amtliche WARNUNG vor FROST</headline>
		<description>Vor allem in Tal- und Muldenlagen tritt leichter Frost zwischen 0 °C und -3 °C auf.</description>
		<web>http://www.wettergefahren.de</web>
		<contact>Deutscher Wetterdienst</contact>
		<area>
			<areaDesc>Stadt Amberg</areaDesc>
			<geocode>
				<valueName>WARNCELLID</valueName>
				<value>109361000</value>
			</geocode>
			<geocode>
				<valueName>STATE</valueName>
				<value>BY</value>
			</geocode>
			<altitude>0.0</altitude>
			<ceiling>9842.5197</ceiling>
		</area>
		<area>
			<areaDesc>Kreis Deggendorf</areaDesc>
			<geocode>
				<valueName>WARNCELLID</valueName>
				<value>109271000</value>
			</geocode>
			<geocode>
				<valueName>STATE</valueName>
				<value>BY</value>
			</geocode>
			<altitude>0.0</altitude>
			<ceiling>9842.5197</ceiling>
		</area>
		<area>
			<areaDesc>Stadt Nürnberg</areaDesc>
			<geocode>
				<valueName>WARNCELLID</valueName>
				<value>109564000</value>
			</geocode>
			<geocode>
				<valueName>STATE</valueName>
				<value>BY</value>
			</geocode>
			<altitude>0.0</altitude>
			<ceiling>9842.5197</ceiling>
		</area>
		<area>
			<areaDesc>Kreis Kronach</areaDesc>
			<geocode>
				<valueName>WARNCELLID</valueName>
				<value>109476000</value>
			</geocode>
			<geocode>
				<valueName>STATE</valueName>
				<value>BY</value>
			</geocode>
			<altitude>0.0</altitude>
			<ceiling>9842.5197</ceiling>
		</area>
		<area>
			<areaDesc>Kreis Neu-Ulm</areaDesc>
			<geocode>
				<valueName>WARNCELLID</valueName>
				<value>109775000</value>
			</geocode>
			<geocode>
				<valueName>STATE</valueName>
				<value>BY</value>
			</geocode>
			<altitude>0.0</altitude>
			<ceiling>9842.5197</ceiling>
		</area>
		<area>
			<areaDesc>Kreis Mühldorf a. Inn</areaDesc>
			<geocode>
				<valueName>WARNCELLID</valueName>
				<value>109183000</value>
			</geocode>
			<geocode>
				<valueName>STATE</valueName>
				<value>BY</value>
			</geocode>
			<altitude>0.0</altitude>
			<ceiling>9842.5197</ceiling>
		</area>
		<area>
			<areaDesc>Kreis Neuburg-Schrobenhausen</areaDesc>
			<geocode>
				<valueName>WARNCELLID</valueName>
				<value>109185000</value>
			</geocode>
			<geocode>
				<valueName>STATE</valueName>
				<value>BY</value>
			</geocode>
			<altitude>0.0</altitude>
			<ceiling>9842.5197</ceiling>
		</area>
		<area>
			<areaDesc>Stadt Kempten (Allgäu)</areaDesc>
			<geocode>
				<valueName>WARNCELLID</valueName>
				<value>109763000</value>
			</geocode>
			<geocode>
				<valueName>STATE</valueName>
				<value>BY</value>
			</geocode>
			<altitude>0.0</altitude>
			<ceiling>9842.5197</ceiling>
		</area>
		<area>
			<areaDesc>Kreis Bad Tölz-Wolfratshausen</areaDesc>
			<geocode>
				<valueName>WARNCELLID</valueName>
				<value>109173000</value>
			</geocode>
			<geocode>
				<valueName>STATE</valueName>
				<value>BY</value>
			</geocode>
			<altitude>0.0</altitude>
			<ceiling>9842.5197</ceiling>
		</area>
		<area>
			<areaDesc>Kreis und Stadt Regensburg</areaDesc>
			<geocode>
				<valueName>WARNCELLID</valueName>
				<value>909375999</value>
			</geocode>
			<geocode>
				<valueName>STATE</valueName>
				<value>BY</value>
			</geocode>
			<altitude>0.0</altitude>
			<ceiling>9842.5197</ceiling>
		</area>
		<area>
			<areaDesc>Kreis Regen</areaDesc>
			<geocode>
				<valueName>WARNCELLID</valueName>
				<value>109276000</value>
			</geocode>
			<geocode>
				<valueName>STATE</valueName>
				<value>BY</value>
			</geocode>
			<altitude>0.0</altitude>
			<ceiling>9842.5197</ceiling>
		</area>
		<area>
			<areaDesc>Kreis und Stadt Aschaffenburg</areaDesc>
			<geocode>
				<valueName>WARNCELLID</valueName>
				<value>909671999</value>
			</geocode>
			<geocode>
				<valueName>STATE</valueName>
				<value>BY</value>
			</geocode>
			<altitude>0.0</altitude>
			<ceiling>9842.5197</ceiling>
		</area>
		<area>
			<areaDesc>Kreis Roth</areaDesc>
			<geocode>
				<valueName>WARNCELLID</valueName>
				<value>109576000</value>
			</geocode>
			<geocode>
				<valueName>STATE</valueName>
				<value>BY</value>
			</geocode>
			<altitude>0.0</altitude>
			<ceiling>9842.5197</ceiling>
		</area>
		<area>
			<areaDesc>Kreis und Stadt Passau</areaDesc>
			<geocode>
				<valueName>WARNCELLID</valueName>
				<value>909275999</value>
			</geocode>
			<geocode>
				<valueName>STATE</valueName>
				<value>BY</value>
			</geocode>
			<altitude>0.0</altitude>
			<ceiling>9842.5197</ceiling>
		</area>
		<area>
			<areaDesc>Kreis Dingolfing-Landau</areaDesc>
			<geocode>
				<valueName>WARNCELLID</valueName>
				<value>109279000</value>
			</geocode>
			<geocode>
				<valueName>STATE</valueName>
				<value>BY</value>
			</geocode>
			<altitude>0.0</altitude>
			<ceiling>9842.5197</ceiling>
		</area>
		<area>
			<areaDesc>Kreis Donau-Ries</areaDesc>
			<geocode>
				<valueName>WARNCELLID</valueName>
				<value>109779000</value>
			</geocode>
			<geocode>
				<valueName>STATE</valueName>
				<value>BY</value>
			</geocode>
			<altitude>0.0</altitude>
			<ceiling>9842.5197</ceiling>
		</area>
		<area>
			<areaDesc>Kreis Neumarkt i.d. OPf.</areaDesc>
			<geocode>
				<valueName>WARNCELLID</valueName>
				<value>109373000</value>
			</geocode>
			<geocode>
				<valueName>STATE</valueName>
				<value>BY</value>
			</geocode>
			<altitude>0.0</altitude>
			<ceiling>9842.5197</ceiling>
		</area>
		<area>
			<areaDesc>Kreis und Stadt Schweinfurt</areaDesc>
			<geocode>
				<valueName>WARNCELLID</valueName>
				<value>909678999</value>
			</geocode>
			<geocode>
				<valueName>STATE</valueName>
				<value>BY</value>
			</geocode>
			<altitude>0.0</altitude>
			<ceiling>9842.5197</ceiling>
		</area>
		<area>
			<areaDesc>Kreis Straubing-Bogen und Stadt Straubing</areaDesc>
			<geocode>
				<valueName>WARNCELLID</valueName>
				<value>909278999</value>
			</geocode>
			<geocode>
				<valueName>STATE</valueName>
				<value>BY</value>
			</geocode>
			<altitude>0.0</altitude>
			<ceiling>9842.5197</ceiling>
		</area>
		<area>
			<areaDesc>Kreis Miltenberg</areaDesc>
			<geocode>
				<valueName>WARNCELLID</valueName>
				<value>109676000</value>
			</geocode>
			<geocode>
				<valueName>STATE</valueName>
				<value>BY</value>
			</geocode>
			<altitude>0.0</altitude>
			<ceiling>9842.5197</ceiling>
		</area>
		<area>
			<areaDesc>Kreis Landsberg am Lech</areaDesc>
			<geocode>
				<valueName>WARNCELLID</valueName>
				<value>109181000</value>
			</geocode>
			<geocode>
				<valueName>STATE</valueName>
				<value>BY</value>
			</geocode>
			<altitude>0.0</altitude>
			<ceiling>9842.5197</ceiling>
		</area>
		<area>
			<areaDesc>Kreis Aichach-Friedberg</areaDesc>
			<geocode>
				<valueName>WARNCELLID</valueName>
				<value>109771000</value>
			</geocode>
			<geocode>
				<valueName>STATE</valueName>
				<value>BY</value>
			</geocode>
			<altitude>0.0</altitude>
			<ceiling>9842.5197</ceiling>
		</area>
		<area>
			<areaDesc>Kreis Starnberg</areaDesc>
			<geocode>
				<valueName>WARNCELLID</valueName>
				<value>109188000</value>
			</geocode>
			<geocode>
				<valueName>STATE</valueName>
				<value>BY</value>
			</geocode>
			<altitude>0.0</altitude>
			<ceiling>9842.5197</ceiling>
		</area>
		<area>
			<areaDesc>Kreis Freising</areaDesc>
			<geocode>
				<valueName>WARNCELLID</valueName>
				<value>109178000</value>
			</geocode>
			<geocode>
				<valueName>STATE</valueName>
				<value>BY</value>
			</geocode>
			<altitude>0.0</altitude>
			<ceiling>9842.5197</ceiling>
		</area>
		<area>
			<areaDesc>Kreis Dachau</areaDesc>
			<geocode>
				<valueName>WARNCELLID</valueName>
				<value>109174000</value>
			</geocode>
			<geocode>
				<valueName>STATE</valueName>
				<value>BY</value>
			</geocode>
			<altitude>0.0</altitude>
			<ceiling>9842.5197</ceiling>
		</area>
		<area>
			<areaDesc>Kreis und Stadt Rosenheim</areaDesc>
			<geocode>
				<valueName>WARNCELLID</valueName>
				<value>909187999</value>
			</geocode>
			<geocode>
				<valueName>STATE</valueName>
				<value>BY</value>
			</geocode>
			<altitude>0.0</altitude>
			<ceiling>9842.5197</ceiling>
		</area>
		<area>
			<areaDesc>Kreis Lichtenfels</areaDesc>
			<geocode>
				<valueName>WARNCELLID</valueName>
				<value>109478000</value>
			</geocode>
			<geocode>
				<valueName>STATE</valueName>
				<value>BY</value>
			</geocode>
			<altitude>0.0</altitude>
			<ceiling>9842.5197</ceiling>
		</area>
		<area>
			<areaDesc>Kreis Tirschenreuth</areaDesc>
			<geocode>
				<valueName>WARNCELLID</valueName>
				<value>109377000</value>
			</geocode>
			<geocode>
				<valueName>STATE</valueName>
				<value>BY</value>
			</geocode>
			<altitude>0.0</altitude>
			<ceiling>9842.5197</ceiling>
		</area>
		<area>
			<areaDesc>Kreis Miesbach</areaDesc>
			<geocode>
				<valueName>WARNCELLID</valueName>
				<value>109182000</value>
			</geocode>
			<geocode>
				<valueName>STATE</valueName>
				<value>BY</value>
			</geocode>
			<altitude>0.0</altitude>
			<ceiling>9842.5197</ceiling>
		</area>
		<area>
			<areaDesc>Kreis Weißenburg-Gunzenhausen</areaDesc>
			<geocode>
				<valueName>WARNCELLID</valueName>
				<value>109577000</value>
			</geocode>
			<geocode>
				<valueName>STATE</valueName>
				<value>BY</value>
			</geocode>
			<altitude>0.0</altitude>
			<ceiling>9842.5197</ceiling>
		</area>
		<area>
			<areaDesc>Kreis Altötting</areaDesc>
			<geocode>
				<valueName>WARNCELLID</valueName>
				<value>109171000</value>
			</geocode>
			<geocode>
				<valueName>STATE</valueName>
				<value>BY</value>
			</geocode>
			<altitude>0.0</altitude>
			<ceiling>9842.5197</ceiling>
		</area>
		<area>
			<areaDesc>Kreis und Stadt Fürth</areaDesc>
			<geocode>
				<valueName>WARNCELLID</valueName>
				<value>909573999</value>
			</geocode>
			<geocode>
				<valueName>STATE</valueName>
				<value>BY</value>
			</geocode>
			<altitude>0.0</altitude>
			<ceiling>9842.5197</ceiling>
		</area>
		<area>
			<areaDesc>Kreis Haßberge</areaDesc>
			<geocode>
				<valueName>WARNCELLID</valueName>
				<value>109674000</value>
			</geocode>
			<geocode>
				<valueName>STATE</valueName>
				<value>BY</value>
			</geocode>
			<altitude>0.0</altitude>
			<ceiling>9842.5197</ceiling>
		</area>
		<area>
			<areaDesc>Kreis Nürnberger Land</areaDesc>
			<geocode>
				<valueName>WARNCELLID</valueName>
				<value>109574000</value>
			</geocode>
			<geocode>
				<valueName>STATE</valueName>
				<value>BY</value>
			</geocode>
			<altitude>0.0</altitude>
			<ceiling>9842.5197</ceiling>
		</area>
		<area>
			<areaDesc>Kreis Schwandorf</areaDesc>
			<geocode>
				<valueName>WARNCELLID</valueName>
				<value>109376000</value>
			</geocode>
			<geocode>
				<valueName>STATE</valueName>
				<value>BY</value>
			</geocode>
			<altitude>0.0</altitude>
			<ceiling>9842.5197</ceiling>
		</area>
		<area>
			<areaDesc>Kreis und Stadt München</areaDesc>
			<geocode>
				<valueName>WARNCELLID</valueName>
				<value>909184999</value>
			</geocode>
			<geocode>
				<valueName>STATE</valueName>
				<value>BY</value>
			</geocode>
			<altitude>0.0</altitude>
			<ceiling>9842.5197</ceiling>
		</area>
		<area>
			<areaDesc>Kreis Neustadt a.d. Waldnaab</areaDesc>
			<geocode>
				<valueName>WARNCELLID</valueName>
				<value>109374000</value>
			</geocode>
			<geocode>
				<valueName>STATE</valueName>
				<value>BY</value>
			</geocode>
			<altitude>0.0</altitude>
			<ceiling>9842.5197</ceiling>
		</area>
		<area>
			<areaDesc>Kreis Ebersberg</areaDesc>
			<geocode>
				<valueName>WARNCELLID</valueName>
				<value>109175000</value>
			</geocode>
			<geocode>
				<valueName>STATE</valueName>
				<value>BY</value>
			</geocode>
			<altitude>0.0</altitude>
			<ceiling>9842.5197</ceiling>
		</area>
		<area>
			<areaDesc>Kreis und Stadt Würzburg</areaDesc>
			<geocode>
				<valueName>WARNCELLID</valueName>
				<value>909679999</value>
			</geocode>
			<geocode>
				<valueName>STATE</valueName>
				<value>BY</value>
			</geocode>
			<altitude>0.0</altitude>
			<ceiling>9842.5197</ceiling>
		</area>
		<area>
			<areaDesc>Kreis und Stadt Bayreuth</areaDesc>
			<geocode>
				<valueName>WARNCELLID</valueName>
				<value>909472999</value>
			</geocode>
			<geocode>
				<valueName>STATE</valueName>
				<value>BY</value>
			</geocode>
			<altitude>0.0</altitude>
			<ceiling>9842.5197</ceiling>
		</area>
		<area>
			<areaDesc>Kreis Unterallgäu</areaDesc>
			<geocode>
				<valueName>WARNCELLID</valueName>
				<value>109778000</value>
			</geocode>
			<geocode>
				<valueName>STATE</valueName>
				<value>BY</value>
			</geocode>
			<altitude>0.0</altitude>
			<ceiling>9842.5197</ceiling>
		</area>
		<area>
			<areaDesc>Stadt Kaufbeuren</areaDesc>
			<geocode>
				<valueName>WARNCELLID</valueName>
				<value>109762000</value>
			</geocode>
			<geocode>
				<valueName>STATE</valueName>
				<value>BY</value>
			</geocode>
			<altitude>0.0</altitude>
			<ceiling>9842.5197</ceiling>
		</area>
		<area>
			<areaDesc>Kreis Fürstenfeldbruck</areaDesc>
			<geocode>
				<valueName>WARNCELLID</valueName>
				<value>109179000</value>
			</geocode>
			<geocode>
				<valueName>STATE</valueName>
				<value>BY</value>
			</geocode>
			<altitude>0.0</altitude>
			<ceiling>9842.5197</ceiling>
		</area>
		<area>
			<areaDesc>Kreis Dillingen a.d. Donau</areaDesc>
			<geocode>
				<valueName>WARNCELLID</valueName>
				<value>109773000</value>
			</geocode>
			<geocode>
				<valueName>STATE</valueName>
				<value>BY</value>
			</geocode>
			<altitude>0.0</altitude>
			<ceiling>9842.5197</ceiling>
		</area>
		<area>
			<areaDesc>Kreis Erlangen-Höchstadt</areaDesc>
			<geocode>
				<valueName>WARNCELLID</valueName>
				<value>109572000</value>
			</geocode>
			<geocode>
				<valueName>STATE</valueName>
				<value>BY</value>
			</geocode>
			<altitude>0.0</altitude>
			<ceiling>9842.5197</ceiling>
		</area>
		<area>
			<areaDesc>Kreis Traunstein</areaDesc>
			<geocode>
				<valueName>WARNCELLID</valueName>
				<value>109189000</value>
			</geocode>
			<geocode>
				<valueName>STATE</valueName>
				<value>BY</value>
			</geocode>
			<altitude>0.0</altitude>
			<ceiling>9842.5197</ceiling>
		</area>
		<area>
			<areaDesc>Kreis Freyung-Grafenau</areaDesc>
			<geocode>
				<valueName>WARNCELLID</valueName>
				<value>109272000</value>
			</geocode>
			<geocode>
				<valueName>STATE</valueName>
				<value>BY</value>
			</geocode>
			<altitude>0.0</altitude>
			<ceiling>9842.5197</ceiling>
		</area>
		<area>
			<areaDesc>Stadt Weiden in der Oberpfalz</areaDesc>
			<geocode>
				<valueName>WARNCELLID</valueName>
				<value>109363000</value>
			</geocode>
			<geocode>
				<valueName>STATE</valueName>
				<value>BY</value>
			</geocode>
			<altitude>0.0</altitude>
			<ceiling>9842.5197</ceiling>
		</area>
		<area>
			<areaDesc>Kreis und Stadt Coburg</areaDesc>
			<geocode>
				<valueName>WARNCELLID</valueName>
				<value>909473999</value>
			</geocode>
			<geocode>
				<valueName>STATE</valueName>
				<value>BY</value>
			</geocode>
			<altitude>0.0</altitude>
			<ceiling>9842.5197</ceiling>
		</area>
		<area>
			<areaDesc>Kreis und Stadt Ansbach</areaDesc>
			<geocode>
				<valueName>WARNCELLID</valueName>
				<value>909571999</value>
			</geocode>
			<geocode>
				<valueName>STATE</valueName>
				<value>BY</value>
			</geocode>
			<altitude>0.0</altitude>
			<ceiling>9842.5197</ceiling>
		</area>
		<area>
			<areaDesc>Kreis Wunsiedel</areaDesc>
			<geocode>
				<valueName>WARNCELLID</valueName>
				<value>109479000</value>
			</geocode>
			<geocode>
				<valueName>STATE</valueName>
				<value>BY</value>
			</geocode>
			<altitude>0.0</altitude>
			<ceiling>9842.5197</ceiling>
		</area>
		<area>
			<areaDesc>Kreis Kitzingen</areaDesc>
			<geocode>
				<valueName>WARNCELLID</valueName>
				<value>109675000</value>
			</geocode>
			<geocode>
				<valueName>STATE</valueName>
				<value>BY</value>
			</geocode>
			<altitude>0.0</altitude>
			<ceiling>9842.5197</ceiling>
		</area>
		<area>
			<areaDesc>Kreis Ostallgäu</areaDesc>
			<geocode>
				<valueName>WARNCELLID</valueName>
				<value>109777000</value>
			</geocode>
			<geocode>
				<valueName>STATE</valueName>
				<value>BY</value>
			</geocode>
			<altitude>0.0</altitude>
			<ceiling>9842.5197</ceiling>
		</area>
		<area>
			<areaDesc>Stadt Erlangen</areaDesc>
			<geocode>
				<valueName>WARNCELLID</valueName>
				<value>109562000</value>
			</geocode>
			<geocode>
				<valueName>STATE</valueName>
				<value>BY</value>
			</geocode>
			<altitude>0.0</altitude>
			<ceiling>9842.5197</ceiling>
		</area>
		<area>
			<areaDesc>Kreis Erding</areaDesc>
			<geocode>
				<valueName>WARNCELLID</valueName>
				<value>109177000</value>
			</geocode>
			<geocode>
				<valueName>STATE</valueName>
				<value>BY</value>
			</geocode>
			<altitude>0.0</altitude>
			<ceiling>9842.5197</ceiling>
		</area>
		<area>
			<areaDesc>Kreis und Stadt Augsburg</areaDesc>
			<geocode>
				<valueName>WARNCELLID</valueName>
				<value>909772999</value>
			</geocode>
			<geocode>
				<valueName>STATE</valueName>
				<value>BY</value>
			</geocode>
			<altitude>0.0</altitude>
			<ceiling>9842.5197</ceiling>
		</area>
		<area>
			<areaDesc>Kreis Amberg-Sulzbach</areaDesc>
			<geocode>
				<valueName>WARNCELLID</valueName>
				<value>109371000</value>
			</geocode>
			<geocode>
				<valueName>STATE</valueName>
				<value>BY</value>
			</geocode>
			<altitude>0.0</altitude>
			<ceiling>9842.5197</ceiling>
		</area>
		<area>
			<areaDesc>Kreis Lindau</areaDesc>
			<geocode>
				<valueName>WARNCELLID</valueName>
				<value>109776000</value>
			</geocode>
			<geocode>
				<valueName>STATE</valueName>
				<value>BY</value>
			</geocode>
			<altitude>0.0</altitude>
			<ceiling>9842.5197</ceiling>
		</area>
		<area>
			<areaDesc>Stadt Memmingen</areaDesc>
			<geocode>
				<valueName>WARNCELLID</valueName>
				<value>109764000</value>
			</geocode>
			<geocode>
				<valueName>STATE</valueName>
				<value>BY</value>
			</geocode>
			<altitude>0.0</altitude>
			<ceiling>9842.5197</ceiling>
		</area>
		<area>
			<areaDesc>Kreis Neustadt a.d. Aisch - Bad Windsheim</areaDesc>
			<geocode>
				<valueName>WARNCELLID</valueName>
				<value>109575000</value>
			</geocode>
			<geocode>
				<valueName>STATE</valueName>
				<value>BY</value>
			</geocode>
			<altitude>0.0</altitude>
			<ceiling>9842.5197</ceiling>
		</area>
		<area>
			<areaDesc>Kreis und Stadt Landshut</areaDesc>
			<geocode>
				<valueName>WARNCELLID</valueName>
				<value>909274999</value>
			</geocode>
			<geocode>
				<valueName>STATE</valueName>
				<value>BY</value>
			</geocode>
			<altitude>0.0</altitude>
			<ceiling>9842.5197</ceiling>
		</area>
		<area>
			<areaDesc>Kreis Rhön-Grabfeld</areaDesc>
			<geocode>
				<valueName>WARNCELLID</valueName>
				<value>109673000</value>
			</geocode>
			<geocode>
				<valueName>STATE</valueName>
				<value>BY</value>
			</geocode>
			<altitude>0.0</altitude>
			<ceiling>9842.5197</ceiling>
		</area>
		<area>
			<areaDesc>Kreis Oberallgäu</areaDesc>
			<geocode>
				<valueName>WARNCELLID</valueName>
				<value>109780000</value>
			</geocode>
			<geocode>
				<valueName>STATE</valueName>
				<value>BY</value>
			</geocode>
			<altitude>0.0</altitude>
			<ceiling>9842.5197</ceiling>
		</area>
		<area>
			<areaDesc>Stadt Schwabach</areaDesc>
			<geocode>
				<valueName>WARNCELLID</valueName>
				<value>109565000</value>
			</geocode>
			<geocode>
				<valueName>STATE</valueName>
				<value>BY</value>
			</geocode>
			<altitude>0.0</altitude>
			<ceiling>9842.5197</ceiling>
		</area>
		<area>
			<areaDesc>Kreis Forchheim</areaDesc>
			<geocode>
				<valueName>WARNCELLID</valueName>
				<value>109474000</value>
			</geocode>
			<geocode>
				<valueName>STATE</valueName>
				<value>BY</value>
			</geocode>
			<altitude>0.0</altitude>
			<ceiling>9842.5197</ceiling>
		</area>
		<area>
			<areaDesc>Kreis Eichstätt</areaDesc>
			<geocode>
				<valueName>WARNCELLID</valueName>
				<value>109176000</value>
			</geocode>
			<geocode>
				<valueName>STATE</valueName>
				<value>BY</value>
			</geocode>
			<altitude>0.0</altitude>
			<ceiling>9842.5197</ceiling>
		</area>
		<area>
			<areaDesc>Kreis Kelheim</areaDesc>
			<geocode>
				<valueName>WARNCELLID</valueName>
				<value>109273000</value>
			</geocode>
			<geocode>
				<valueName>STATE</valueName>
				<value>BY</value>
			</geocode>
			<altitude>0.0</altitude>
			<ceiling>9842.5197</ceiling>
		</area>
		<area>
			<areaDesc>Kreis und Stadt Bamberg</areaDesc>
			<geocode>
				<valueName>WARNCELLID</valueName>
				<value>909471999</value>
			</geocode>
			<geocode>
				<valueName>STATE</valueName>
				<value>BY</value>
			</geocode>
			<altitude>0.0</altitude>
			<ceiling>9842.5197</ceiling>
		</area>
		<area>
			<areaDesc>Kreis Kulmbach</areaDesc>
			<geocode>
				<valueName>WARNCELLID</valueName>
				<value>109477000</value>
			</geocode>
			<geocode>
				<valueName>STATE</valueName>
				<value>BY</value>
			</geocode>
			<altitude>0.0</altitude>
			<ceiling>9842.5197</ceiling>
		</area>
		<area>
			<areaDesc>Kreis Pfaffenhofen a.d. Ilm</areaDesc>
			<geocode>
				<valueName>WARNCELLID</valueName>
				<value>109186000</value>
			</geocode>
			<geocode>
				<valueName>STATE</valueName>
				<value>BY</value>
			</geocode>
			<altitude>0.0</altitude>
			<ceiling>9842.5197</ceiling>
		</area>
		<area>
			<areaDesc>Kreis Main-Spessart</areaDesc>
			<geocode>
				<valueName>WARNCELLID</valueName>
				<value>109677000</value>
			</geocode>
			<geocode>
				<valueName>STATE</valueName>
				<value>BY</value>
			</geocode>
			<altitude>0.0</altitude>
			<ceiling>9842.5197</ceiling>
		</area>
		<area>
			<areaDesc>Kreis Bad Kissingen</areaDesc>
			<geocode>
				<valueName>WARNCELLID</valueName>
				<value>109672000</value>
			</geocode>
			<geocode>
				<valueName>STATE</valueName>
				<value>BY</value>
			</geocode>
			<altitude>0.0</altitude>
			<ceiling>9842.5197</ceiling>
		</area>
		<area>
			<areaDesc>Kreis Rottal-Inn</areaDesc>
			<geocode>
				<valueName>WARNCELLID</valueName>
				<value>109277000</value>
			</geocode>
			<geocode>
				<valueName>STATE</valueName>
				<value>BY</value>
			</geocode>
			<altitude>0.0</altitude>
			<ceiling>9842.5197</ceiling>
		</area>
		<area>
			<areaDesc>Kreis Weilheim-Schongau</areaDesc>
			<geocode>
				<valueName>WARNCELLID</valueName>
				<value>109190000</value>
			</geocode>
			<geocode>
				<valueName>STATE</valueName>
				<value>BY</value>
			</geocode>
			<altitude>0.0</altitude>
			<ceiling>9842.5197</ceiling>
		</area>
		<area>
			<areaDesc>Kreis Garmisch-Partenkirchen</areaDesc>
			<geocode>
				<valueName>WARNCELLID</valueName>
				<value>109180000</value>
			</geocode>
			<geocode>
				<valueName>STATE</valueName>
				<value>BY</value>
			</geocode>
			<altitude>0.0</altitude>
			<ceiling>9842.5197</ceiling>
		</area>
		<area>
			<areaDesc>Kreis und Stadt Hof</areaDesc>
			<geocode>
				<valueName>WARNCELLID</valueName>
				<value>909475999</value>
			</geocode>
			<geocode>
				<valueName>STATE</valueName>
				<value>BY</value>
			</geocode>
			<altitude>0.0</altitude>
			<ceiling>9842.5197</ceiling>
		</area>
		<area>
			<areaDesc>Kreis Günzburg</areaDesc>
			<geocode>
				<valueName>WARNCELLID</valueName>
				<value>109774000</value>
			</geocode>
			<geocode>
				<valueName>STATE</valueName>
				<value>BY</value>
			</geocode>
			<altitude>0.0</altitude>
			<ceiling>9842.5197</ceiling>
		</area>
		<area>
			<areaDesc>Kreis Cham</areaDesc>
			<geocode>
				<valueName>WARNCELLID</valueName>
				<value>109372000</value>
			</geocode>
			<geocode>
				<valueName>STATE</valueName>
				<value>BY</value>
			</geocode>
			<altitude>0.0</altitude>
			<ceiling>9842.5197</ceiling>
		</area>
		<area>
			<areaDesc>Kreis Berchtesgadener Land</areaDesc>
			<geocode>
				<valueName>WARNCELLID</valueName>
				<value>109172000</value>
			</geocode>
			<geocode>
				<valueName>STATE</valueName>
				<value>BY</value>
			</geocode>
			<altitude>0.0</altitude>
			<ceiling>9842.5197</ceiling>
		</area>
		<area>
			<areaDesc>Stadt Ingolstadt</areaDesc>
			<geocode>
				<valueName>WARNCELLID</valueName>
				<value>109161000</value>
			</geocode>
			<geocode>
				<valueName>STATE</valueName>
				<value>BY</value>
			</geocode>
			<altitude>0.0</altitude>
			<ceiling>9842.5197</ceiling>
		</area>
	</info>
	
</alert>
