<?xml version="1.0" encoding="utf-8" standalone="yes" ?>
<alert xmlns="urn:oasis:names:tc:emergency:cap:1.2">
	<identifier>2.49.0.1.276.DWD.PVW.RENEW.20161227091307.2.2.12</identifier>
	<sender>CAP@dwd.de</sender>
	<sent>2015-11-18T14:53:00+01:00</sent>
	<status>Actual</status>
	<msgType>Alert</msgType>
	<scope>Public</scope>
	<info>
		<language>de-DE</language>
		<category>Met</category>
		<event>Keine Warnung</event>
		<urgency>Future</urgency>
		<severity>Minor</severity>
		<certainty>Likely</certainty>
		<effective>2016-12-26T22:22:00+01:00</effective>
		<onset>2016-12-26T22:22:00+01:00</onset>
		<expires>2016-12-27T10:00:00+01:00</expires>
		<senderName>DWD / Nationales Warnzentrum Offenbach</senderName>
		<headline>Keine Warnung</headline>
		<description>Es muss  mit Glätte durch verbreitet überfrierende Nässe gerechnet werden.</description>
		<web>http://www.wettergefahren.de</web>
		<contact>Deutscher Wetterdienst</contact>
		<parameter>
			<valueName>awareness_level</valueName>
			<value>2; yellow; Moderate</value>
		</parameter>
		<parameter>
			<valueName>awareness_type</valueName>
			<value>2; snow-ice</value>
		</parameter>
		<area>
			<areaDesc>Deutschland</areaDesc>
			<geocode>
				<valueName>EMMA_ID</valueName>
				<value>DE404</value>
			</geocode>
			<geocode>
				<valueName>EMMA_ID</valueName>
				<value>DE205</value>
			</geocode>
			<geocode>
				<valueName>EMMA_ID</valueName>
				<value>DE152</value>
			</geocode>
			<geocode>
				<valueName>EMMA_ID</valueName>
				<value>DE150</value>
			</geocode>
			<geocode>
				<valueName>EMMA_ID</valueName>
				<value>DE348</value>
			</geocode>
			<geocode>
				<valueName>EMMA_ID</valueName>
				<value>DE311</value>
			</geocode>
			<geocode>
				<valueName>EMMA_ID</valueName>
				<value>DE402</value>
			</geocode>
			<geocode>
				<valueName>EMMA_ID</valueName>
				<value>DE344</value>
			</geocode>
			<geocode>
				<valueName>EMMA_ID</valueName>
				<value>DE338</value>
			</geocode>
			<geocode>
				<valueName>EMMA_ID</valueName>
				<value>DE147</value>
			</geocode>
			<geocode>
				<valueName>EMMA_ID</valueName>
				<value>DE219</value>
			</geocode>
			<geocode>
				<valueName>EMMA_ID</valueName>
				<value>DE312</value>
			</geocode>
			<geocode>
				<valueName>EMMA_ID</valueName>
				<value>DE302</value>
			</geocode>
			<geocode>
				<valueName>EMMA_ID</valueName>
				<value>DE035</value>
			</geocode>
			<geocode>
				<valueName>EMMA_ID</valueName>
				<value>DE375</value>
			</geocode>
			<geocode>
				<valueName>EMMA_ID</valueName>
				<value>DE284</value>
			</geocode>
			<geocode>
				<valueName>EMMA_ID</valueName>
				<value>DE178</value>
			</geocode>
			<geocode>
				<valueName>EMMA_ID</valueName>
				<value>DE175</value>
			</geocode>
			<geocode>
				<valueName>EMMA_ID</valueName>
				<value>DE227</value>
			</geocode>
			<geocode>
				<valueName>EMMA_ID</valueName>
				<value>DE410</value>
			</geocode>
			<geocode>
				<valueName>EMMA_ID</valueName>
				<value>DE020</value>
			</geocode>
			<geocode>
				<valueName>EMMA_ID</valueName>
				<value>DE335</value>
			</geocode>
			<geocode>
				<valueName>EMMA_ID</valueName>
				<value>DE074</value>
			</geocode>
			<geocode>
				<valueName>EMMA_ID</valueName>
				<value>DE340</value>
			</geocode>
			<geocode>
				<valueName>EMMA_ID</valueName>
				<value>DE358</value>
			</geocode>
			<geocode>
				<valueName>EMMA_ID</valueName>
				<value>DE168</value>
			</geocode>
			<geocode>
				<valueName>EMMA_ID</valueName>
				<value>DE276</value>
			</geocode>
			<geocode>
				<valueName>EMMA_ID</valueName>
				<value>DE249</value>
			</geocode>
			<geocode>
				<valueName>EMMA_ID</valueName>
				<value>DE281</value>
			</geocode>
			<geocode>
				<valueName>EMMA_ID</valueName>
				<value>DE354</value>
			</geocode>
			<geocode>
				<valueName>EMMA_ID</valueName>
				<value>DE196</value>
			</geocode>
			<geocode>
				<valueName>EMMA_ID</valueName>
				<value>DE285</value>
			</geocode>
			<geocode>
				<valueName>EMMA_ID</valueName>
				<value>DE078</value>
			</geocode>
			<geocode>
				<valueName>EMMA_ID</valueName>
				<value>DE087</value>
			</geocode>
			<geocode>
				<valueName>EMMA_ID</valueName>
				<value>DE271</value>
			</geocode>
			<geocode>
				<valueName>EMMA_ID</valueName>
				<value>DE139</value>
			</geocode>
			<geocode>
				<valueName>EMMA_ID</valueName>
				<value>DE096</value>
			</geocode>
			<geocode>
				<valueName>EMMA_ID</valueName>
				<value>DE346</value>
			</geocode>
			<geocode>
				<valueName>EMMA_ID</valueName>
				<value>DE223</value>
			</geocode>
			<geocode>
				<valueName>EMMA_ID</valueName>
				<value>DE174</value>
			</geocode>
			<geocode>
				<valueName>EMMA_ID</valueName>
				<value>DE329</value>
			</geocode>
			<geocode>
				<valueName>EMMA_ID</valueName>
				<value>DE372</value>
			</geocode>
			<geocode>
				<valueName>EMMA_ID</valueName>
				<value>DE246</value>
			</geocode>
			<geocode>
				<valueName>EMMA_ID</valueName>
				<value>DE191</value>
			</geocode>
			<geocode>
				<valueName>EMMA_ID</valueName>
				<value>DE303</value>
			</geocode>
			<geocode>
				<valueName>EMMA_ID</valueName>
				<value>DE320</value>
			</geocode>
			<geocode>
				<valueName>EMMA_ID</valueName>
				<value>DE165</value>
			</geocode>
			<geocode>
				<valueName>EMMA_ID</valueName>
				<value>DE301</value>
			</geocode>
			<geocode>
				<valueName>EMMA_ID</valueName>
				<value>DE046</value>
			</geocode>
			<geocode>
				<valueName>EMMA_ID</valueName>
				<value>DE420</value>
			</geocode>
			<geocode>
				<valueName>EMMA_ID</valueName>
				<value>DE419</value>
			</geocode>
			<geocode>
				<valueName>EMMA_ID</valueName>
				<value>DE215</value>
			</geocode>
			<geocode>
				<valueName>EMMA_ID</valueName>
				<value>DE388</value>
			</geocode>
			<geocode>
				<valueName>EMMA_ID</valueName>
				<value>DE163</value>
			</geocode>
			<geocode>
				<valueName>EMMA_ID</valueName>
				<value>DE408</value>
			</geocode>
			<geocode>
				<valueName>EMMA_ID</valueName>
				<value>DE282</value>
			</geocode>
		</area>
	</info>
</alert>
