<?xml version="1.0" encoding="utf-8" standalone="yes" ?>
<alert xmlns="urn:oasis:names:tc:emergency:cap:1.2">
	<identifier>2.49.0.1.276.DWD.PVW.1487857490473.8</identifier>
	<sender>CAP@dwd.de</sender>
	<sent>2017-02-23T14:45:00+01:00</sent>
	<status>Actual</status>
	<msgType>Alert</msgType>
	<source>PVW</source>
	<scope>Public</scope>
	<info>
		<language>de-DE</language>
		<category>Met</category>
		<event>ORKANARTIGE BÖEN</event>
		<responseType>Prepare</responseType>
		<urgency>Immediate</urgency>
		<severity>Severe</severity>
		<certainty>Observed</certainty>
		<eventCode>
			<valueName>PROFILE_VERSION</valueName>
			<value>2.1</value>
		</eventCode>
		<eventCode>
			<valueName>LICENSE</valueName>
			<value>Geobasisdaten: Copyright Bundesamt für Kartographie und Geodäsie, Frankfurt am Main, 2013</value>
		</eventCode>
		<eventCode>
			<valueName>II</valueName>
			<value>54</value>
		</eventCode>
		<eventCode>
			<valueName>GROUP</valueName>
			<value>WIND</value>
		</eventCode>
		<eventCode>
			<valueName>AREA_COLOR</valueName>
			<value>255 0 0</value>
		</eventCode>
		<effective>2017-02-23T10:33:00+01:00</effective>
		<onset>2017-02-23T18:00:00+01:00</onset>
		<expires>2017-02-24T05:00:00+01:00</expires>
		<senderName>DWD / Nationales Warnzentrum Offenbach</senderName>
		<headline>Amtliche UNWETTERWARNUNG vor ORKANARTIGEN BÖEN</headline>
		<description>Es treten oberhalb 800 m orkanartige Böen mit Geschwindigkeiten um 110 km/h (31m/s, 60kn, Bft 11) aus westlicher Richtung auf.</description>
		<instruction>ACHTUNG! Hinweis auf mögliche Gefahren: Es können zum Beispiel Bäume entwurzelt und Dächer beschädigt werden. Achten Sie besonders auf herabstürzende Äste, Dachziegel oder Gegenstände. Schließen Sie alle Fenster und Türen! Sichern Sie Gegenstände im Freien! Halten Sie insbesondere Abstand von Gebäuden, Bäumen, Gerüsten und Hochspannungsleitungen. Vermeiden Sie möglichst den Aufenthalt im Freien!</instruction>
		<web>http://www.wettergefahren.de</web>
		<contact>Deutscher Wetterdienst</contact>
		<parameter>
			<valueName>Böen</valueName>
			<value>~110 [km/h]</value>
		</parameter>
		<parameter>
			<valueName>Windrichtung</valueName>
			<value>W</value>
		</parameter>
		<area>
			<areaDesc>Kreis Rhön-Grabfeld</areaDesc>
			<geocode>
				<valueName>WARNCELLID</valueName>
				<value>109673000</value>
			</geocode>
			<geocode>
				<valueName>STATE</valueName>
				<value>BY</value>
			</geocode>
			<altitude>2624.67192</altitude>
			<ceiling>9842.5197</ceiling>
		</area>
	</info>
</alert>
