{
  "_comment": "Information about SVG files",
  "CAP":{
    "engine":{
      "src":      "cap_engine/cap.producer.php"
    }
  }
  ,
  "_comment": "Information about SVG files",
  "SVG":{					
    "info":{
      "id":       "svg2", 
      "name":     "skeleton", 
      "desc":     "Example from Carribian Sea", 
      "svgsrc":   "resources/skeleton_map.svg"
    }
  },
  "_comment": "AreaCodesArray: 'CA-AB' = Washington, D.C.' (this codes must be the same as in the svg)", 
  "AreaCodesArray":{       
    "us": {"AreaCaption":"Alberta"},
    "bs": {"AreaCaption":"The Bahamas"},
    "cu": {"AreaCaption":"Cuba"},
    "jm": {"AreaCaption":"Jamaica"},
    "ky": {"AreaCaption":"The Cayman Islands"},
    "ht": {"AreaCaption":"Haiti"},
    "do": {"AreaCaption":"Dominican Republic"},
    "pr": {"AreaCaption":"Puerto Rico"}
  },
  "_comment": "Parameter used to define posible",
  "_comment": "Awarness Type  like (Wind, Fire)",
  "_comment": "Awarness Level like (green, 2, level-3, extrem)",
  "ParameterArray":{
    "_comment": "Awarness Type:",
    "AWT":{
      "_comment": "imgsrc (from the root folder of the cap-php-library), hazard_type_DESC (name of the type) ",
      "1": {"imgsrc":"resources/warn-typs_01.png", "hazard_type_DESC":"Wind"},
      "2": {"imgsrc":"resources/warn-typs_02.png", "hazard_type_DESC":"Fire"},
      "3": {"imgsrc":"resources/warn-typs_03.png", "hazard_type_DESC":"test1"},
      "4": {"imgsrc":"resources/warn-typs_04.png", "hazard_type_DESC":"test2"},
      "5": {"imgsrc":"resources/warn-typs_05.png", "hazard_type_DESC":"test3"}
    },
    "_comment": "Awarness Level:",
    "AWL":{
      "_comment": "id, name, hazard_level (color of level)",
      "1":  {"name":"green",    "hazard_level":"Minor",   "hazard_level_color":"green"},
      "2":  {"name":"yellow1",  "hazard_level":"Moderate",  "hazard_level_color":"#ffff00"},
      "3":  {"name":"yellow2",  "hazard_level":"Moderate",  "hazard_level_color":"#ffee00"},
      "4":  {"name":"yellow3",  "hazard_level":"Moderate",  "hazard_level_color":"#ffdd00"},
      "5":  {"name":"yellow4",  "hazard_level":"Moderate",  "hazard_level_color":"#ffcc00"},
      "6":  {"name":"yellow5",  "hazard_level":"Moderate",  "hazard_level_color":"#ffbb00"},
      "7":  {"name":"orange1",  "hazard_level":"Severe",  "hazard_level_color":"#ffaa00"},
      "8":  {"name":"orange2",  "hazard_level":"Severe",  "hazard_level_color":"#ff9900"},
      "9":  {"name":"orange3",  "hazard_level":"Severe",  "hazard_level_color":"#ff8800"},
      "10": {"name":"orange4",  "hazard_level":"Severe",  "hazard_level_color":"#ff7700"},
      "11": {"name":"orange5",  "hazard_level":"Severe",  "hazard_level_color":"#ff6600"},
      "12": {"name":"red1",   "hazard_level":"Extreme",   "hazard_level_color":"#ff5500"},
      "13": {"name":"red2",   "hazard_level":"Extreme",   "hazard_level_color":"#ff4400"},
      "14": {"name":"red3",   "hazard_level":"Extreme",   "hazard_level_color":"#ff3300"},
      "15": {"name":"red4",   "hazard_level":"Extreme",   "hazard_level_color":"#ff2200"},
      "16": {"name":"red5",   "hazard_level":"Extreme",   "hazard_level_color":"#ff1100"},
      "17": {"name":"red6",   "hazard_level":"Extreme",   "hazard_level_color":"#ff0000"}
    }
  }
}